Flight No.,Launch site,Payload,Payload mass,Orbit,Customer,Launch outcome,Version Booster,Booster landing,Date,Time
1,CCAFS,Dragon Spacecraft Qualification Unit,0,LEO,SpaceX,"Success
",F9 v1.0B0003.1,Failure,4 June 2010,18:45
2,CCAFS,Dragon,0,LEO,NASA,Success,F9 v1.0B0004.1,Failure,8 December 2010,15:43
3,CCAFS,Dragon,525 kg,LEO,NASA,Success,F9 v1.0B0005.1,"Not attempted
",22 May 2012,07:44
4,CCAFS,SpaceX CRS-1,"4,700 kg",LEO,NASA,"Success
",F9 v1.0B0006.1,No attempt,8 October 2012,00:35
5,CCAFS,SpaceX CRS-2,"4,877 kg",LEO,NASA,"Success
",F9 v1.0B0007.1,"Not attempted
",1 March 2013,15:10
6,VAFB,CASSIOPE,500 kg,Polar orbit,MDA,Success,F9 v1.1B1003,Uncontrolled,29 September 2013,16:00
7,CCAFS,SES-8,"3,170 kg",GTO,SES,Success,F9 v1.1,Not attempted,3 December 2013,22:41
8,CCAFS,Thaicom 6,"3,325 kg",GTO,Thaicom,Success,F9 v1.1,Not attempted,6 January 2014,22:06
9,Cape Canaveral,SpaceX CRS-3,"2,296 kg",LEO,NASA,"Success
",F9 v1.1,Controlled,18 April 2014,19:25
10,Cape Canaveral,Orbcomm-OG2,"1,316 kg",LEO,Orbcomm,Success,F9 v1.1,Controlled,14 July 2014,15:15
11,Cape Canaveral,AsiaSat 8,"4,535 kg",GTO,AsiaSat,Success,F9 v1.1,Not attempted,5 August 2014,08:00
12,Cape Canaveral,AsiaSat 6,"4,428 kg",GTO,AsiaSat,Success,F9 v1.1,"Not attempted
",7 September 2014,05:00
13,Cape Canaveral,SpaceX CRS-4,"2,216 kg",LEO,NASA,Success,F9 v1.1,Uncontrolled,21 September 2014,05:52
14,Cape Canaveral,SpaceX CRS-5,"2,395 kg",LEO,NASA,Success,F9 v1.1,Failure ,10 January 2015,09:47
15,Cape Canaveral,DSCOVR,570 kg,HEO,USAF,"Success
",F9 v1.1,Controlled,11 February 2015,23:03
16,Cape Canaveral,ABS-3A,"4,159 kg",GTO,ABS,"Success
",F9 v1.1,Not attempted,2 March 2015,03:50
17,Cape Canaveral,SpaceX CRS-6,"1,898 kg",LEO,NASA,"Success
",F9 v1.1,Failure,14 April 2015,20:10
18,Cape Canaveral,TürkmenÄlem 52°E / MonacoSAT,"4,707 kg",GTO,,"Success
",F9 v1.1,Not attempted,27 April 2015,23:03
19,Cape Canaveral,SpaceX CRS-7,"1,952 kg",LEO,NASA,Failure,F9 v1.1,Precluded,28 June 2015,14:21
20,Cape Canaveral,Orbcomm-OG2,"2,034 kg",LEO,Orbcomm,"Success
",F9 FT,Success,22 December 2015,01:29
21,VAFB,Jason-3,553 kg,LEO,NASA,"Success
",F9 v1.1,Failure,17 January 2016,18:42
22,Cape Canaveral,SES-9,"5,271 kg",GTO,SES,"Success
",F9 FT,Failure,4 March 2016,23:35
23,Cape Canaveral,SpaceX CRS-8,"3,136 kg",LEO,NASA,Success,F9 FT,Success,8 April 2016,20:43
24,Cape Canaveral,JCSAT-14,"4,696 kg",GTO,SKY Perfect JSAT Group,"Success
",F9 FT,Success,6 May 2016,05:21
25,Cape Canaveral,Thaicom 8,"3,100 kg",GTO,Thaicom,"Success
",F9 FT,Success,27 May 2016,21:39
26,Cape Canaveral,ABS-2A,"3,600 kg",GTO,ABS,"Success
",F9 FT,Failure,15 June 2016,14:29
27,Cape Canaveral,SpaceX CRS-9,"2,257 kg",LEO,NASA,"Success
",F9 FT,Success,18 July 2016,04:45
28,Cape Canaveral,JCSAT-16,"4,600 kg",GTO,SKY Perfect JSAT Group,"Success
",F9 FT,Success,14 August 2016,05:26
29,VAFB,Iridium NEXT,"9,600 kg",Polar,Iridium Communications,"Success
",F9 FT,Success,14 January 2017,17:54
30,KSC,SpaceX CRS-10,"2,490 kg",LEO,NASA,"Success
",F9 FT,Success,19 February 2017,14:39
31,KSC,EchoStar 23,"5,600 kg",GTO,EchoStar,"Success
",F9 FT,Not attempted,16 March 2017,06:00
32,KSC,SES-10,"5,300 kg",GTO,SES,Success,F9 FT♺,Success,30 March 2017,22:27
33,KSC,NROL-76,C,LEO,NRO,"Success
",F9 FT,Success,1 May 2017,11:15
34,KSC,Inmarsat-5 F4,"6,070 kg",GTO,Inmarsat,"Success
",F9 FT,Not attempted,15 May 2017,23:21
35,KSC,SpaceX CRS-11,"2,708 kg",LEO,NASA,"Success
",F9 FT,Success,3 June 2017,21:07
36,KSC,BulgariaSat-1,"3,669 kg",GTO,Bulsatcom,"Success
",F9 FTB1029.2,Success,23 June 2017,19:10
37,VAFB,Iridium NEXT,"9,600 kg",LEO,Iridium Communications,"Success
",F9 FT,Success,25 June 2017,20:25
38,KSC,Intelsat 35e,"6,761 kg",GTO,Intelsat,"Success
",F9 FT,Not attempted,5 July 2017,23:38
39,KSC,SpaceX CRS-12,"3,310 kg",LEO,NASA,"Success
",F9 B4,Success,14 August 2017,16:31
40,VAFB,Formosat-5,475 kg,SSO,NSPO,"Success
",F9 FT,Success,24 August 2017,18:51
41,KSC,Boeing X-37B,"4,990 kg",LEO,USAF,"Success
",F9 B4,Success,7 September 2017,14:00
42,VAFB,Iridium NEXT,"9,600 kg",Polar,Iridium Communications,"Success
",F9 B4,Success,9 October 2017,12:37
43,KSC,SES-11,"5,200 kg",GTO,SES S.A.,"Success
",F9 FTB1031.2,Success,11 October 2017,22:53:00
44,KSC,Koreasat 5A,"3,500 kg",GTO,KT Corporation,"Success
",F9 B4,Success,30 October 2017,19:34
45,Cape Canaveral,SpaceX CRS-13,"2,205 kg",LEO,NASA,"Success
",F9 FTB1035.2,Success,15 December 2017,15:36
46,VAFB,Iridium NEXT,"9,600 kg",Polar,Iridium Communications,Success,F9 FTB1036.2,Controlled,23 December 2017,01:27
47,CCAFS,Zuma,C,LEO,Northrop Grumman,Success,F9 B4,Success,8 January 2018,01:00
48,CCAFS,GovSat-1,"4,230 kg",GTO,SES,Success,F9 FTB1032.2,Controlled,31 January 2018,21:25
49,VAFB,Paz,"2,150 kg",SSO,Hisdesat,Success,F9 FTB1038.2,Not attempted,22 February 2018,14:17
50,CCAFS,Hispasat 30W-6,"6,092 kg",GTO,Hispasat,Success,F9 B4,No attempt,6 March 2018,05:33
51,VAFB,Iridium NEXT,"9,600 kg",Polar,Iridium Communications,Success,F9 B4B1041.2,No attempt,30 March 2018,14:14
52,CCAFS,SpaceX CRS-14,"2,647 kg",LEO,NASA,Success,F9 B4B1039.2,Not attempted,2 April 2018,20:30
53,CCAFS,Transiting Exoplanet Survey Satellite,362 kg,HEO,NASA,Success,F9 B4,Success,18 April 2018,22:51
54,KSC,Bangabandhu-1,"3,600 kg",GTO,Thales-Alenia,Success,F9 B5B1046.1,Success,11 May 2018,20:14
55,VAFB,Iridium NEXT,"6,460 kg",Polar,Iridium Communications,Success,F9 B4B1043.2,Not attempted,22 May 2018,19:47
56,CCAFS,SES-12,"5,384 kg",GTO,SES,Success,F9 B4B1040.2,Not attempted,4 June 2018,04:45
57,CCAFS,SpaceX CRS-15,"2,697 kg",LEO,NASA,Success,F9 B4B1045.2,Not attempted,29 June 2018,09:42
58,CCAFS,Telstar 19V,"7,075 kg",GTO,Telesat,Success,F9 B5,Success,22 July 2018,05:50
59,VAFB,Iridium NEXT,"9,600 kg",Polar,Iridium Communications,Success,F9 B5B1048,Success,25 July 2018,11:39
60,CCAFS,Merah Putih,"5,800 kg",GTO,Telkom Indonesia,Success,F9 B5B1046.2,Success,7 August 2018,05:18
61,CCAFS,Telstar 18V,"7,060 kg",GTO,Telesat,Success,F9 B5,Success,10 September 2018,04:45
62,VAFB,SAOCOM 1A,"3,000 kg",SSO,CONAE,Success,F9 B5B1048.2,Success,8 October 2018,02:22
63,KSC,Es'hail 2,"5,300 kg",GTO,Es'hailSat,Success,F9 B5B1047.2,Success,15 November 2018,20:46
64,VAFB,SSO-A,"~4,000 kg",SSO,Spaceflight Industries,Success,F9 B5B1046.3,Success,3 December 2018,18:34:05
65,CCAFS,SpaceX CRS-16,"2,500 kg",LEO,NASA,"Success
",F9 B5,Failure,5 December 2018,18:16
66,CCAFS,GPS III,"4,400 kg",MEO,USAF,Success,F9 B5,Not attempted,23 December 2018,13:51
67,VAFB,Iridium NEXT,"9,600 kg",Polar,Iridium Communications,"Success
",F9 B5B1049.2,Success,11 January 2019,15:31
68,CCAFS,Nusantara Satu,"4,850 kg",GTO,PSN,"Success
",F9 B5B1048.3,Success,22 February 2019,01:45
69,KSC,Crew Dragon Demo-1,"12,055 kg",LEO,NASA,"Success
",F9 B5[268],Success,2 March 2019,07:49
70,CCAFS,SpaceX CRS-17,"2,495 kg",LEO,NASA,"Success
",F9 B5,Success,4 May 2019,06:48
71,CCAFS,Starlink,"13,620 kg",LEO,SpaceX,"Success
",F9 B5B1049.3,Success,24 May 2019,02:30
72,VAFB,RADARSAT Constellation,"4,200 kg",SSO,Canadian Space Agency,"Success
",F9 B5B1051.2,Success,12 June 2019,14:17
73,CCAFS,SpaceX CRS-18,"2,268 kg",LEO,NASA,"Success
",F9 B5B1056.2,Success,25 July 2019,22:01
74,CCAFS,AMOS-17,"6,500 kg",GTO,Spacecom,"Success
",F9 B5B1047.3,Not attempted,6 August 2019,23:23
75,CCAFS,Starlink,"15,600 kg",LEO,SpaceX,"Success
",F9 B5,Success,11 November 2019,14:56
76,CCAFS,SpaceX CRS-19,"2,617 kg",LEO,NASA,"Success
",F9 B5,Success,5 December 2019,17:29
77,CCAFS,JCSat-18,"6,956 kg",GTO,Sky Perfect JSAT,"Success
",F9 B5B1056.3,Success,17 December 2019,00:10
78,CCAFS,Starlink,"15,600 kg",LEO,SpaceX,"Success
",F9 B5,Success,7 January 2020,02:19:21
79,KSC,Crew Dragon in-flight abort test,"12,050 kg",Sub-orbital,NASA,"Success
",F9 B5,"Not attempted
",19 January 2020,15:30
80,CCAFS,Starlink,"15,600 kg",LEO,SpaceX,"Success
",F9 B5,Success,29 January 2020,14:07
81,CCAFS,Starlink,"15,600 kg",LEO,SpaceX,"Success
",F9 B5,Failure,17 February 2020,15:05
82,CCAFS,SpaceX CRS-20,"1,977 kg",LEO,NASA,"Success
",F9 B5,Success,7 March 2020,04:50
83,KSC,Starlink,"15,600 kg",LEO,SpaceX,"Success
",F9 B5,Failure,18 March 2020,12:16
84,KSC,Starlink,"15,600 kg",LEO,SpaceX,"Success
",F9 B5,Success,22 April 2020,19:30
85,KSC,Crew Dragon Demo-2,"12,530 kg",LEO,NASA,"Success
",F9 B5,Success,30 May 2020,19:22
86,CCAFS,Starlink,"15,600 kg",LEO,SpaceX,"Success
",F9 B5,Success,4 June 2020,01:25
87,CCAFS,Starlink,"15,410 kg",LEO,SpaceX,"Success
",F9 B5,Success,13 June 2020,09:21
88,CCAFS,GPS III,"4,311 kg",MEO,U.S. Space Force,"Success
",F9 B5,Success,30 June 2020,20:10:46
89,CCAFS,ANASIS-II,"5,000–6,000 kg",GTO,Republic of Korea Army,"Success
",F9 B5B1058.2,Success,20 July 2020,21:30
90,KSC,Starlink,"14,932 kg",LEO,SpaceX,"Success
",F9 B5,Success,7 August 2020,05:12
91,CCAFS,Starlink,"~15,440 kg",LEO,SpaceX,"Success
",F9 B5B1049.6,Success,18 August 2020,14:31
92,CCAFS,SAOCOM 1B,"3,130 kg",SSO,CONAE,"Success
",F9 B5,Success,30 August 2020,23:18
93,KSC,Starlink,"15,600 kg",LEO,SpaceX,"Success
",F9 B5B1060.2,Success,3 September 2020,12:46:14
94,KSC,Starlink,"15,600 kg",LEO,SpaceX,"Success
",F9 B5B1058.3,Success,6 October 2020,11:29:34
95,KSC,Starlink,"15,600 kg",LEO,SpaceX,"Success
",F9 B5B1051.6,Success,18 October 2020,12:25:57
96,CCAFS,Starlink,"15,600 kg",LEO,SpaceX,"Success
",F9 B5,Success,24 October 2020,15:31:34
97,CCAFS,GPS III,"4,311 kg",MEO,USSF,"Success
",F9 B5,Success,5 November 2020,23:24:23
98,KSC,Crew-1,"~12,500 kg",LEO,NASA,"Success
",F9 B5,Success,16 November 2020,00:27
99,VAFB,Sentinel-6 Michael Freilich (Jason-CS A),"1,192 kg",LEO,NASA,"Success
",F9 B5,Success,21 November 2020,17:17:08
100,CCAFS,Starlink,"15,600 kg",LEO,SpaceX,"Success
",F9 B5 ♺,Success,25 November 2020,02:13
101,KSC,SpaceX CRS-21,"2,972 kg",LEO,NASA,"Success
",F9 B5 ♺,Success,6 December 2020,16:17:08
102,CCSFS,SXM-7,"7,000 kg",GTO,Sirius XM,"Success
",F9 B5 ♺,Success,13 December 2020,17:30:00
103,KSC,NROL-108,C,LEO,NRO,"Success
",F9 B5 ♺,Success,19 December 2020,14:00:00
104,CCSFS,Türksat 5A,"3,500 kg",GTO,Türksat,"Success
",F9 B5,Success,8 January 2021,02:15
105,KSC,Starlink,"15,600 kg",LEO,SpaceX,"Success
",F9 B5B1051.8,Success,20 January 2021,13:02
106,CCSFS,Transporter-1,"~5,000 kg",SSO,SpaceX,"Success
",F9 B5B1058.5,Failure,24 January 2021,15:00
1,CCAFS,Dragon Spacecraft Qualification Unit,"15,600 kg",LEO,NASA,Success,F9 v1.0B0003.1,Failure,4 June 2010,18:45
2,CCAFS,Dragon,"15,600 kg",LEO,NASA,Success,F9 v1.0B0004.1,"Not attempted
",8 December 2010,15:43
3,CCAFS,Dragon,"15,600 kg",LEO,NASA,"Success
",F9 v1.0B0005.1,No attempt,22 May 2012,07:44
4,CCAFS,SpaceX CRS-1,"15,600 kg",LEO,NASA,"Success
",F9 v1.0B0006.1,"Not attempted
",8 October 2012,00:35
5,CCAFS,SpaceX CRS-2,"15,600 kg",LEO,MDA,Success,F9 v1.0B0007.1,Uncontrolled,1 March 2013,15:10
6,VAFB,CASSIOPE,"15,600 kg",Polar orbit,SES,Success,F9 v1.1B1003,Not attempted,29 September 2013,16:00
7,CCAFS,SES-8,"15,600 kg",GTO,Thaicom,Success,F9 v1.1,Not attempted,3 December 2013,22:41
8,CCAFS,Thaicom 6,"~13,000 kg",GTO,NASA,"Success
",F9 v1.1,Controlled,6 January 2014,22:06
9,Cape Canaveral,SpaceX CRS-3,"15,600 kg",LEO,Orbcomm,Success,F9 v1.1,Controlled,18 April 2014,19:25
10,Cape Canaveral,Orbcomm-OG2,"15,600 kg",LEO,AsiaSat,Success,F9 v1.1,Not attempted,14 July 2014,15:15
11,Cape Canaveral,AsiaSat 8,"15,600 kg",GTO,AsiaSat,Success,F9 v1.1,"Not attempted
",5 August 2014,08:00
12,Cape Canaveral,AsiaSat 6,"~14,000 kg",GTO,NASA,Success,F9 v1.1,Uncontrolled,7 September 2014,05:00
13,Cape Canaveral,SpaceX CRS-4,"15,600 kg",LEO,NASA,Success,F9 v1.1,Failure ,21 September 2014,05:52
14,Cape Canaveral,SpaceX CRS-5,"3,328 kg",LEO,USAF,"Success
",F9 v1.1,Controlled,10 January 2015,09:47
15,Cape Canaveral,DSCOVR,"7,000 kg",HEO,ABS,"Success
",F9 v1.1,Not attempted,11 February 2015,23:03
16,Cape Canaveral,ABS-3A,,GTO,NASA,"Success
",F9 v1.1,Failure,2 March 2015,03:50
17,Cape Canaveral,SpaceX CRS-6,,LEO,,"Success
",F9 v1.1,Not attempted,14 April 2015,20:10
18,Cape Canaveral,TürkmenÄlem 52°E / MonacoSAT,,GTO,NASA,Failure,F9 v1.1,Precluded,27 April 2015,23:03
19,Cape Canaveral,SpaceX CRS-7,,LEO,Orbcomm,"Success
",F9 v1.1,Success,28 June 2015,14:21
20,Cape Canaveral,Orbcomm-OG2,,LEO,NASA,"Success
",F9 FT,Failure,22 December 2015,01:29
21,VAFB,Jason-3,,LEO,SES,"Success
",F9 v1.1,Failure,17 January 2016,18:42
22,Cape Canaveral,SES-9,,GTO,NASA,Success,F9 FT,Success,4 March 2016,23:35
23,Cape Canaveral,SpaceX CRS-8,,LEO,SKY Perfect JSAT Group,"Success
",F9 FT,Success,8 April 2016,20:43
24,Cape Canaveral,JCSAT-14,,GTO,Thaicom,"Success
",F9 FT,Success,6 May 2016,05:21
25,Cape Canaveral,Thaicom 8,,GTO,ABS,"Success
",F9 FT,Failure,27 May 2016,21:39
26,Cape Canaveral,ABS-2A,,GTO,NASA,"Success
",F9 FT,Success,15 June 2016,14:29
27,Cape Canaveral,SpaceX CRS-9,,LEO,SKY Perfect JSAT Group,"Success
",F9 FT,Success,18 July 2016,04:45
28,Cape Canaveral,JCSAT-16,,GTO,Iridium Communications,"Success
",F9 FT,Success,14 August 2016,05:26
29,VAFB,Iridium NEXT,,Polar,NASA,"Success
",F9 FT,Success,14 January 2017,17:54
30,KSC,SpaceX CRS-10,,LEO,EchoStar,"Success
",F9 FT,Not attempted,19 February 2017,14:39
31,KSC,EchoStar 23,,GTO,SES,Success,F9 FT,Success,16 March 2017,06:00
32,KSC,SES-10,,GTO,NRO,"Success
",F9 FT♺,Success,30 March 2017,22:27
33,KSC,NROL-76,,LEO,Inmarsat,"Success
",F9 FT,Not attempted,1 May 2017,11:15
34,KSC,Inmarsat-5 F4,,GTO,NASA,"Success
",F9 FT,Success,15 May 2017,23:21
35,KSC,SpaceX CRS-11,,LEO,Bulsatcom,"Success
",F9 FT,Success,3 June 2017,21:07
36,KSC,BulgariaSat-1,,GTO,Iridium Communications,"Success
",F9 FTB1029.2,Success,23 June 2017,19:10
37,VAFB,Iridium NEXT,,LEO,Intelsat,"Success
",F9 FT,Not attempted,25 June 2017,20:25
38,KSC,Intelsat 35e,,GTO,NASA,"Success
",F9 FT,Success,5 July 2017,23:38
39,KSC,SpaceX CRS-12,,LEO,NSPO,"Success
",F9 B4,Success,14 August 2017,16:31
40,VAFB,Formosat-5,,SSO,USAF,"Success
",F9 FT,Success,24 August 2017,18:51
41,KSC,Boeing X-37B,,LEO,Iridium Communications,"Success
",F9 B4,Success,7 September 2017,14:00
42,VAFB,Iridium NEXT,,Polar,SES S.A.,"Success
",F9 B4,Success,9 October 2017,12:37
43,KSC,SES-11,,GTO,KT Corporation,"Success
",F9 FTB1031.2,Success,11 October 2017,22:53:00
44,KSC,Koreasat 5A,,GTO,NASA,"Success
",F9 B4,Success,30 October 2017,19:34
45,Cape Canaveral,SpaceX CRS-13,,LEO,Iridium Communications,Success,F9 FTB1035.2,Controlled,15 December 2017,15:36
46,VAFB,Iridium NEXT,,Polar,Northrop Grumman,Success,F9 FTB1036.2,Success,23 December 2017,01:27
47,CCAFS,Zuma,,LEO,SES,Success,F9 B4,Controlled,8 January 2018,01:00
48,CCAFS,GovSat-1,,GTO,Hisdesat,Success,F9 FTB1032.2,Not attempted,31 January 2018,21:25
49,VAFB,Paz,,SSO,Hispasat,Success,F9 FTB1038.2,No attempt,22 February 2018,14:17
50,CCAFS,Hispasat 30W-6,,GTO,Iridium Communications,Success,F9 B4,No attempt,6 March 2018,05:33
51,VAFB,Iridium NEXT,,Polar,NASA,Success,F9 B4B1041.2,Not attempted,30 March 2018,14:14
52,CCAFS,SpaceX CRS-14,,LEO,NASA,Success,F9 B4B1039.2,Success,2 April 2018,20:30
53,CCAFS,Transiting Exoplanet Survey Satellite,,HEO,Thales-Alenia,Success,F9 B4,Success,18 April 2018,22:51
54,KSC,Bangabandhu-1,,GTO,Iridium Communications,Success,F9 B5B1046.1,Not attempted,11 May 2018,20:14
55,VAFB,Iridium NEXT,,Polar,SES,Success,F9 B4B1043.2,Not attempted,22 May 2018,19:47
56,CCAFS,SES-12,,GTO,NASA,Success,F9 B4B1040.2,Not attempted,4 June 2018,04:45
57,CCAFS,SpaceX CRS-15,,LEO,Telesat,Success,F9 B4B1045.2,Success,29 June 2018,09:42
58,CCAFS,Telstar 19V,,GTO,Iridium Communications,Success,F9 B5,Success,22 July 2018,05:50
59,VAFB,Iridium NEXT,,Polar,Telkom Indonesia,Success,F9 B5B1048,Success,25 July 2018,11:39
60,CCAFS,Merah Putih,,GTO,Telesat,Success,F9 B5B1046.2,Success,7 August 2018,05:18
61,CCAFS,Telstar 18V,,GTO,CONAE,Success,F9 B5,Success,10 September 2018,04:45
62,VAFB,SAOCOM 1A,,SSO,Es'hailSat,Success,F9 B5B1048.2,Success,8 October 2018,02:22
63,KSC,Es'hail 2,,GTO,Spaceflight Industries,Success,F9 B5B1047.2,Success,15 November 2018,20:46
64,VAFB,SSO-A,,SSO,NASA,"Success
",F9 B5B1046.3,Failure,3 December 2018,18:34:05
65,CCAFS,SpaceX CRS-16,,LEO,USAF,Success,F9 B5,Not attempted,5 December 2018,18:16
66,CCAFS,GPS III,,MEO,Iridium Communications,"Success
",F9 B5,Success,23 December 2018,13:51
67,VAFB,Iridium NEXT,,Polar,PSN,"Success
",F9 B5B1049.2,Success,11 January 2019,15:31
68,CCAFS,Nusantara Satu,,GTO,NASA,"Success
",F9 B5B1048.3,Success,22 February 2019,01:45
69,KSC,Crew Dragon Demo-1,,LEO,NASA,"Success
",F9 B5[268],Success,2 March 2019,07:49
70,CCAFS,SpaceX CRS-17,,LEO,SpaceX,"Success
",F9 B5,Success,4 May 2019,06:48
71,CCAFS,Starlink,,LEO,Canadian Space Agency,"Success
",F9 B5B1049.3,Success,24 May 2019,02:30
72,VAFB,RADARSAT Constellation,,SSO,NASA,"Success
",F9 B5B1051.2,Success,12 June 2019,14:17
73,CCAFS,SpaceX CRS-18,,LEO,Spacecom,"Success
",F9 B5B1056.2,Not attempted,25 July 2019,22:01
74,CCAFS,AMOS-17,,GTO,SpaceX,"Success
",F9 B5B1047.3,Success,6 August 2019,23:23
75,CCAFS,Starlink,,LEO,NASA,"Success
",F9 B5,Success,11 November 2019,14:56
76,CCAFS,SpaceX CRS-19,,LEO,Sky Perfect JSAT,"Success
",F9 B5,Success,5 December 2019,17:29
77,CCAFS,JCSat-18,,GTO,SpaceX,"Success
",F9 B5B1056.3,Success,17 December 2019,00:10
78,CCAFS,Starlink,,LEO,NASA,"Success
",F9 B5,"Not attempted
",7 January 2020,02:19:21
79,KSC,Crew Dragon in-flight abort test,,Sub-orbital,SpaceX,"Success
",F9 B5,Success,19 January 2020,15:30
80,CCAFS,Starlink,,LEO,SpaceX,"Success
",F9 B5,Failure,29 January 2020,14:07
81,CCAFS,Starlink,,LEO,NASA,"Success
",F9 B5,Success,17 February 2020,15:05
82,CCAFS,SpaceX CRS-20,,LEO,SpaceX,"Success
",F9 B5,Failure,7 March 2020,04:50
83,KSC,Starlink,,LEO,SpaceX,"Success
",F9 B5,Success,18 March 2020,12:16
84,KSC,Starlink,,LEO,NASA,"Success
",F9 B5,Success,22 April 2020,19:30
85,KSC,Crew Dragon Demo-2,,LEO,SpaceX,"Success
",F9 B5,Success,30 May 2020,19:22
86,CCAFS,Starlink,,LEO,SpaceX,"Success
",F9 B5,Success,4 June 2020,01:25
87,CCAFS,Starlink,,LEO,U.S. Space Force,"Success
",F9 B5,Success,13 June 2020,09:21
88,CCAFS,GPS III,,MEO,Republic of Korea Army,"Success
",F9 B5,Success,30 June 2020,20:10:46
89,CCAFS,ANASIS-II,,GTO,SpaceX,"Success
",F9 B5B1058.2,Success,20 July 2020,21:30
90,KSC,Starlink,,LEO,SpaceX,"Success
",F9 B5,Success,7 August 2020,05:12
91,CCAFS,Starlink,,LEO,CONAE,"Success
",F9 B5B1049.6,Success,18 August 2020,14:31
92,CCAFS,SAOCOM 1B,,SSO,SpaceX,"Success
",F9 B5,Success,30 August 2020,23:18
93,KSC,Starlink,,LEO,SpaceX,"Success
",F9 B5B1060.2,Success,3 September 2020,12:46:14
94,KSC,Starlink,,LEO,SpaceX,"Success
",F9 B5B1058.3,Success,6 October 2020,11:29:34
95,KSC,Starlink,,LEO,SpaceX,"Success
",F9 B5B1051.6,Success,18 October 2020,12:25:57
96,CCAFS,Starlink,,LEO,USSF,"Success
",F9 B5,Success,24 October 2020,15:31:34
97,CCAFS,GPS III,,MEO,NASA,"Success
",F9 B5,Success,5 November 2020,23:24:23
98,KSC,Crew-1,,LEO,NASA,"Success
",F9 B5,Success,16 November 2020,00:27
99,VAFB,Sentinel-6 Michael Freilich (Jason-CS A),,LEO,SpaceX,"Success
",F9 B5,Success,21 November 2020,17:17:08
100,CCAFS,Starlink,,LEO,NASA,"Success
",F9 B5 ♺,Success,25 November 2020,02:13
101,KSC,SpaceX CRS-21,,LEO,Sirius XM,"Success
",F9 B5 ♺,Success,6 December 2020,16:17:08
102,CCSFS,SXM-7,,GTO,NRO,"Success
",F9 B5 ♺,Success,13 December 2020,17:30:00
103,KSC,NROL-108,,LEO,Türksat,"Success
",F9 B5 ♺,Success,19 December 2020,14:00:00
104,CCSFS,Türksat 5A,,GTO,SpaceX,"Success
",F9 B5,Success,8 January 2021,02:15
105,KSC,Starlink,,LEO,,"Success
",F9 B5B1051.8,Success,20 January 2021,13:02
106,CCSFS,Transporter-1,,SSO,SpaceX,"Success
",F9 B5B1058.5,Success,24 January 2021,15:00
107,CCSFS,Starlink,,LEO,SpaceX,"Success
",F9 B5 ♺,Failure,4 February 2021,06:19
108,CCSFS,Starlink,,LEO,SpaceX,"Success
",F9 B5 ♺,Success,16 February 2021,03:59:37
109,KSC,Starlink,,LEO,SpaceX,"Success
",F9 B5 ♺,Success,4 March 2021,08:24
110,CCSFS,Starlink,,LEO,SpaceX,"Success
",F9 B5 ♺,Success,11 March 2021,08:13:29
111,KSC,Starlink,,LEO,SpaceX,"Success
",F9 B5 ♺,Success,14 March 2021,10:01
112,CCSFS,Starlink,,LEO,SpaceX,"Success
",F9 B5B1060.6,Success,24 March 2021,08:28
113,CCSFS,Starlink,,LEO,NASA,"Success
",F9 B5 ♺,Success,7 April 2021,16:34
114,KSC,Crew-2,,LEO,SpaceX,"Success
",F9 B5B1061.2,Success,23 April 2021,9:49
115,CCSFS,Starlink,,LEO,SpaceX,"Success
",F9 B5B1060.7,Success,29 April 2021,03:44
116,KSC,Starlink,,LEO,SpaceX,"Success
",F9 B5B1049.9,Success,4 May 2021,19:01
117,CCSFS,Starlink,,LEO,SpaceX,"Success
",F9 B5B1051.10,Success,9 May 2021,06:42
118,KSC,Starlink,,LEO,SpaceX,"Success
",F9 B5B1058.8,Success,15 May 2021,22:56
119,CCSFS,Starlink,,LEO,NASA,"Success
",F9 B5B1063.2,Success,26 May 2021,18:59
120,KSC,SpaceX CRS-22,,LEO,Sirius XM,"Success
",F9 B5B1067.1,Success,3 June 2021,17:29
121,CCSFS,SXM-8,,GTO,SpaceX,"Success
",F9 B5,Failure,6 June 2021,04:26
1,CCAFS,Dragon Spacecraft Qualification Unit,,LEO,NASA,Success,F9 v1.0B0003.1,Failure,4 June 2010,18:45
2,CCAFS,Dragon,,LEO,NASA,Success,F9 v1.0B0004.1,"Not attempted
",8 December 2010,15:43
3,CCAFS,Dragon,,LEO,NASA,"Success
",F9 v1.0B0005.1,No attempt,22 May 2012,07:44
4,CCAFS,SpaceX CRS-1,,LEO,NASA,"Success
",F9 v1.0B0006.1,"Not attempted
",8 October 2012,00:35
5,CCAFS,SpaceX CRS-2,,LEO,MDA,Success,F9 v1.0B0007.1,Uncontrolled,1 March 2013,15:10
6,VAFB,CASSIOPE,,Polar orbit,SES,Success,F9 v1.1B1003,Not attempted,29 September 2013,16:00
7,CCAFS,SES-8,,GTO,Thaicom,Success,F9 v1.1,Not attempted,3 December 2013,22:41
8,CCAFS,Thaicom 6,,GTO,NASA,"Success
",F9 v1.1,Controlled,6 January 2014,22:06
9,Cape Canaveral,SpaceX CRS-3,,LEO,Orbcomm,Success,F9 v1.1,Controlled,18 April 2014,19:25
10,Cape Canaveral,Orbcomm-OG2,,LEO,AsiaSat,Success,F9 v1.1,Not attempted,14 July 2014,15:15
11,Cape Canaveral,AsiaSat 8,,GTO,AsiaSat,Success,F9 v1.1,"Not attempted
",5 August 2014,08:00
12,Cape Canaveral,AsiaSat 6,,GTO,NASA,Success,F9 v1.1,Uncontrolled,7 September 2014,05:00
13,Cape Canaveral,SpaceX CRS-4,,LEO,NASA,Success,F9 v1.1,Failure ,21 September 2014,05:52
14,Cape Canaveral,SpaceX CRS-5,,LEO,USAF,"Success
",F9 v1.1,Controlled,10 January 2015,09:47
15,Cape Canaveral,DSCOVR,,HEO,ABS,"Success
",F9 v1.1,Not attempted,11 February 2015,23:03
16,Cape Canaveral,ABS-3A,,GTO,NASA,"Success
",F9 v1.1,Failure,2 March 2015,03:50
17,Cape Canaveral,SpaceX CRS-6,,LEO,,"Success
",F9 v1.1,Not attempted,14 April 2015,20:10
18,Cape Canaveral,TürkmenÄlem 52°E / MonacoSAT,,GTO,NASA,Failure,F9 v1.1,Precluded,27 April 2015,23:03
19,Cape Canaveral,SpaceX CRS-7,,LEO,Orbcomm,"Success
",F9 v1.1,Success,28 June 2015,14:21
20,Cape Canaveral,Orbcomm-OG2,,LEO,NASA,"Success
",F9 FT,Failure,22 December 2015,01:29
21,VAFB,Jason-3,,LEO,SES,"Success
",F9 v1.1,Failure,17 January 2016,18:42
22,Cape Canaveral,SES-9,,GTO,NASA,Success,F9 FT,Success,4 March 2016,23:35
23,Cape Canaveral,SpaceX CRS-8,,LEO,SKY Perfect JSAT Group,"Success
",F9 FT,Success,8 April 2016,20:43
24,Cape Canaveral,JCSAT-14,,GTO,Thaicom,"Success
",F9 FT,Success,6 May 2016,05:21
25,Cape Canaveral,Thaicom 8,,GTO,ABS,"Success
",F9 FT,Failure,27 May 2016,21:39
26,Cape Canaveral,ABS-2A,,GTO,NASA,"Success
",F9 FT,Success,15 June 2016,14:29
27,Cape Canaveral,SpaceX CRS-9,,LEO,SKY Perfect JSAT Group,"Success
",F9 FT,Success,18 July 2016,04:45
28,Cape Canaveral,JCSAT-16,,GTO,Iridium Communications,"Success
",F9 FT,Success,14 August 2016,05:26
29,VAFB,Iridium NEXT,,Polar,NASA,"Success
",F9 FT,Success,14 January 2017,17:54
30,KSC,SpaceX CRS-10,,LEO,EchoStar,"Success
",F9 FT,Not attempted,19 February 2017,14:39
31,KSC,EchoStar 23,,GTO,SES,Success,F9 FT,Success,16 March 2017,06:00
32,KSC,SES-10,,GTO,NRO,"Success
",F9 FT♺,Success,30 March 2017,22:27
33,KSC,NROL-76,,LEO,Inmarsat,"Success
",F9 FT,Not attempted,1 May 2017,11:15
34,KSC,Inmarsat-5 F4,,GTO,NASA,"Success
",F9 FT,Success,15 May 2017,23:21
35,KSC,SpaceX CRS-11,,LEO,Bulsatcom,"Success
",F9 FT,Success,3 June 2017,21:07
36,KSC,BulgariaSat-1,,GTO,Iridium Communications,"Success
",F9 FTB1029.2,Success,23 June 2017,19:10
37,VAFB,Iridium NEXT,,LEO,Intelsat,"Success
",F9 FT,Not attempted,25 June 2017,20:25
38,KSC,Intelsat 35e,,GTO,NASA,"Success
",F9 FT,Success,5 July 2017,23:38
39,KSC,SpaceX CRS-12,,LEO,NSPO,"Success
",F9 B4,Success,14 August 2017,16:31
40,VAFB,Formosat-5,,SSO,USAF,"Success
",F9 FT,Success,24 August 2017,18:51
41,KSC,Boeing X-37B,,LEO,Iridium Communications,"Success
",F9 B4,Success,7 September 2017,14:00
42,VAFB,Iridium NEXT,,Polar,SES S.A.,"Success
",F9 B4,Success,9 October 2017,12:37
43,KSC,SES-11,,GTO,KT Corporation,"Success
",F9 FTB1031.2,Success,11 October 2017,22:53:00
44,KSC,Koreasat 5A,,GTO,NASA,"Success
",F9 B4,Success,30 October 2017,19:34
45,Cape Canaveral,SpaceX CRS-13,,LEO,Iridium Communications,Success,F9 FTB1035.2,Controlled,15 December 2017,15:36
46,VAFB,Iridium NEXT,,Polar,Northrop Grumman,Success,F9 FTB1036.2,Success,23 December 2017,01:27
47,CCAFS,Zuma,,LEO,SES,Success,F9 B4,Controlled,8 January 2018,01:00
48,CCAFS,GovSat-1,,GTO,Hisdesat,Success,F9 FTB1032.2,Not attempted,31 January 2018,21:25
49,VAFB,Paz,,SSO,Hispasat,Success,F9 FTB1038.2,No attempt,22 February 2018,14:17
50,CCAFS,Hispasat 30W-6,,GTO,Iridium Communications,Success,F9 B4,No attempt,6 March 2018,05:33
51,VAFB,Iridium NEXT,,Polar,NASA,Success,F9 B4B1041.2,Not attempted,30 March 2018,14:14
52,CCAFS,SpaceX CRS-14,,LEO,NASA,Success,F9 B4B1039.2,Success,2 April 2018,20:30
53,CCAFS,Transiting Exoplanet Survey Satellite,,HEO,Thales-Alenia,Success,F9 B4,Success,18 April 2018,22:51
54,KSC,Bangabandhu-1,,GTO,Iridium Communications,Success,F9 B5B1046.1,Not attempted,11 May 2018,20:14
55,VAFB,Iridium NEXT,,Polar,SES,Success,F9 B4B1043.2,Not attempted,22 May 2018,19:47
56,CCAFS,SES-12,,GTO,NASA,Success,F9 B4B1040.2,Not attempted,4 June 2018,04:45
57,CCAFS,SpaceX CRS-15,,LEO,Telesat,Success,F9 B4B1045.2,Success,29 June 2018,09:42
58,CCAFS,Telstar 19V,,GTO,Iridium Communications,Success,F9 B5,Success,22 July 2018,05:50
59,VAFB,Iridium NEXT,,Polar,Telkom Indonesia,Success,F9 B5B1048,Success,25 July 2018,11:39
60,CCAFS,Merah Putih,,GTO,Telesat,Success,F9 B5B1046.2,Success,7 August 2018,05:18
61,CCAFS,Telstar 18V,,GTO,CONAE,Success,F9 B5,Success,10 September 2018,04:45
62,VAFB,SAOCOM 1A,,SSO,Es'hailSat,Success,F9 B5B1048.2,Success,8 October 2018,02:22
63,KSC,Es'hail 2,,GTO,Spaceflight Industries,Success,F9 B5B1047.2,Success,15 November 2018,20:46
64,VAFB,SSO-A,,SSO,NASA,"Success
",F9 B5B1046.3,Failure,3 December 2018,18:34:05
65,CCAFS,SpaceX CRS-16,,LEO,USAF,Success,F9 B5,Not attempted,5 December 2018,18:16
66,CCAFS,GPS III,,MEO,Iridium Communications,"Success
",F9 B5,Success,23 December 2018,13:51
67,VAFB,Iridium NEXT,,Polar,PSN,"Success
",F9 B5B1049.2,Success,11 January 2019,15:31
68,CCAFS,Nusantara Satu,,GTO,NASA,"Success
",F9 B5B1048.3,Success,22 February 2019,01:45
69,KSC,Crew Dragon Demo-1,,LEO,NASA,"Success
",F9 B5[268],Success,2 March 2019,07:49
70,CCAFS,SpaceX CRS-17,,LEO,SpaceX,"Success
",F9 B5,Success,4 May 2019,06:48
71,CCAFS,Starlink,,LEO,Canadian Space Agency,"Success
",F9 B5B1049.3,Success,24 May 2019,02:30
72,VAFB,RADARSAT Constellation,,SSO,NASA,"Success
",F9 B5B1051.2,Success,12 June 2019,14:17
73,CCAFS,SpaceX CRS-18,,LEO,Spacecom,"Success
",F9 B5B1056.2,Not attempted,25 July 2019,22:01
74,CCAFS,AMOS-17,,GTO,SpaceX,"Success
",F9 B5B1047.3,Success,6 August 2019,23:23
75,CCAFS,Starlink,,LEO,NASA,"Success
",F9 B5,Success,11 November 2019,14:56
76,CCAFS,SpaceX CRS-19,,LEO,Sky Perfect JSAT,"Success
",F9 B5,Success,5 December 2019,17:29
77,CCAFS,JCSat-18,,GTO,SpaceX,"Success
",F9 B5B1056.3,Success,17 December 2019,00:10
78,CCAFS,Starlink,,LEO,NASA,"Success
",F9 B5,"Not attempted
",7 January 2020,02:19:21
79,KSC,Crew Dragon in-flight abort test,,Sub-orbital,SpaceX,"Success
",F9 B5,Success,19 January 2020,15:30
80,CCAFS,Starlink,,LEO,SpaceX,"Success
",F9 B5,Failure,29 January 2020,14:07
81,CCAFS,Starlink,,LEO,NASA,"Success
",F9 B5,Success,17 February 2020,15:05
82,CCAFS,SpaceX CRS-20,,LEO,SpaceX,"Success
",F9 B5,Failure,7 March 2020,04:50
83,KSC,Starlink,,LEO,SpaceX,"Success
",F9 B5,Success,18 March 2020,12:16
84,KSC,Starlink,,LEO,NASA,"Success
",F9 B5,Success,22 April 2020,19:30
85,KSC,Crew Dragon Demo-2,,LEO,SpaceX,"Success
",F9 B5,Success,30 May 2020,19:22
86,CCAFS,Starlink,,LEO,SpaceX,"Success
",F9 B5,Success,4 June 2020,01:25
87,CCAFS,Starlink,,LEO,U.S. Space Force,"Success
",F9 B5,Success,13 June 2020,09:21
88,CCAFS,GPS III,,MEO,Republic of Korea Army,"Success
",F9 B5,Success,30 June 2020,20:10:46
89,CCAFS,ANASIS-II,,GTO,SpaceX,"Success
",F9 B5B1058.2,Success,20 July 2020,21:30
90,KSC,Starlink,,LEO,SpaceX,"Success
",F9 B5,Success,7 August 2020,05:12
91,CCAFS,Starlink,,LEO,CONAE,"Success
",F9 B5B1049.6,Success,18 August 2020,14:31
92,CCAFS,SAOCOM 1B,,SSO,SpaceX,"Success
",F9 B5,Success,30 August 2020,23:18
93,KSC,Starlink,,LEO,SpaceX,"Success
",F9 B5B1060.2,Success,3 September 2020,12:46:14
94,KSC,Starlink,,LEO,SpaceX,"Success
",F9 B5B1058.3,Success,6 October 2020,11:29:34
95,KSC,Starlink,,LEO,SpaceX,"Success
",F9 B5B1051.6,Success,18 October 2020,12:25:57
96,CCAFS,Starlink,,LEO,USSF,"Success
",F9 B5,Success,24 October 2020,15:31:34
97,CCAFS,GPS III,,MEO,NASA,"Success
",F9 B5,Success,5 November 2020,23:24:23
98,KSC,Crew-1,,LEO,NASA,"Success
",F9 B5,Success,16 November 2020,00:27
99,VAFB,Sentinel-6 Michael Freilich (Jason-CS A),,LEO,SpaceX,"Success
",F9 B5,Success,21 November 2020,17:17:08
100,CCAFS,Starlink,,LEO,NASA,"Success
",F9 B5 ♺,Success,25 November 2020,02:13
101,KSC,SpaceX CRS-21,,LEO,Sirius XM,"Success
",F9 B5 ♺,Success,6 December 2020,16:17:08
102,CCSFS,SXM-7,,GTO,NRO,"Success
",F9 B5 ♺,Success,13 December 2020,17:30:00
103,KSC,NROL-108,,LEO,Türksat,"Success
",F9 B5 ♺,Success,19 December 2020,14:00:00
104,CCSFS,Türksat 5A,,GTO,SpaceX,"Success
",F9 B5,Success,8 January 2021,02:15
105,KSC,Starlink,,LEO,SpaceX,"Success
",F9 B5B1051.8,Failure,20 January 2021,13:02
106,CCSFS,Transporter-1,,SSO,NASA,Success,F9 B5B1058.5,Failure,24 January 2021,15:00
1,CCAFS,Dragon Spacecraft Qualification Unit,,LEO,NASA,Success,F9 v1.0B0003.1,"Not attempted
",4 June 2010,18:45
1,CCAFS,Dragon Spacecraft Qualification Unit,,LEO,NASA,"Success
",F9 v1.0B0003.1,No attempt,4 June 2010,18:45
2,CCAFS,Dragon,,LEO,NASA,"Success
",F9 v1.0B0004.1,"Not attempted
",8 December 2010,15:43
3,CCAFS,Dragon,,LEO,MDA,Success,F9 v1.0B0005.1,Uncontrolled,22 May 2012,07:44
4,CCAFS,SpaceX CRS-1,,LEO,SES,Success,F9 v1.0B0006.1,Not attempted,8 October 2012,00:35
5,CCAFS,SpaceX CRS-2,,LEO,Thaicom,Success,F9 v1.0B0007.1,Not attempted,1 March 2013,15:10
6,VAFB,CASSIOPE,,Polar orbit,NASA,"Success
",F9 v1.1B1003,Controlled,29 September 2013,16:00
7,CCAFS,SES-8,,GTO,Orbcomm,Success,F9 v1.1,Controlled,3 December 2013,22:41
8,CCAFS,Thaicom 6,,GTO,AsiaSat,Success,F9 v1.1,Not attempted,6 January 2014,22:06
9,Cape Canaveral,SpaceX CRS-3,,LEO,AsiaSat,Success,F9 v1.1,"Not attempted
",18 April 2014,19:25
10,Cape Canaveral,Orbcomm-OG2,,LEO,NASA,Success,F9 v1.1,Uncontrolled,14 July 2014,15:15
11,Cape Canaveral,AsiaSat 8,,GTO,NASA,Success,F9 v1.1,Failure ,5 August 2014,08:00
12,Cape Canaveral,AsiaSat 6,,GTO,USAF,"Success
",F9 v1.1,Controlled,7 September 2014,05:00
13,Cape Canaveral,SpaceX CRS-4,,LEO,ABS,"Success
",F9 v1.1,Not attempted,21 September 2014,05:52
14,Cape Canaveral,SpaceX CRS-5,,LEO,NASA,"Success
",F9 v1.1,Failure,10 January 2015,09:47
15,Cape Canaveral,DSCOVR,,HEO,,"Success
",F9 v1.1,Not attempted,11 February 2015,23:03
16,Cape Canaveral,ABS-3A,,GTO,NASA,Failure,F9 v1.1,Precluded,2 March 2015,03:50
17,Cape Canaveral,SpaceX CRS-6,,LEO,Orbcomm,"Success
",F9 v1.1,Success,14 April 2015,20:10
18,Cape Canaveral,TürkmenÄlem 52°E / MonacoSAT,,GTO,NASA,"Success
",F9 v1.1,Failure,27 April 2015,23:03
19,Cape Canaveral,SpaceX CRS-7,,LEO,SES,"Success
",F9 v1.1,Failure,28 June 2015,14:21
20,Cape Canaveral,Orbcomm-OG2,,LEO,NASA,Success,F9 FT,Success,22 December 2015,01:29
21,VAFB,Jason-3,,LEO,SKY Perfect JSAT Group,"Success
",F9 v1.1,Success,17 January 2016,18:42
22,Cape Canaveral,SES-9,,GTO,Thaicom,"Success
",F9 FT,Success,4 March 2016,23:35
23,Cape Canaveral,SpaceX CRS-8,,LEO,ABS,"Success
",F9 FT,Failure,8 April 2016,20:43
24,Cape Canaveral,JCSAT-14,,GTO,NASA,"Success
",F9 FT,Success,6 May 2016,05:21
25,Cape Canaveral,Thaicom 8,,GTO,SKY Perfect JSAT Group,"Success
",F9 FT,Success,27 May 2016,21:39
26,Cape Canaveral,ABS-2A,,GTO,Iridium Communications,"Success
",F9 FT,Success,15 June 2016,14:29
27,Cape Canaveral,SpaceX CRS-9,,LEO,NASA,"Success
",F9 FT,Success,18 July 2016,04:45
28,Cape Canaveral,JCSAT-16,,GTO,EchoStar,"Success
",F9 FT,Not attempted,14 August 2016,05:26
29,VAFB,Iridium NEXT,,Polar,SES,Success,F9 FT,Success,14 January 2017,17:54
30,KSC,SpaceX CRS-10,,LEO,NRO,"Success
",F9 FT,Success,19 February 2017,14:39
31,KSC,EchoStar 23,,GTO,Inmarsat,"Success
",F9 FT,Not attempted,16 March 2017,06:00
32,KSC,SES-10,,GTO,NASA,"Success
",F9 FT♺,Success,30 March 2017,22:27
33,KSC,NROL-76,,LEO,Bulsatcom,"Success
",F9 FT,Success,1 May 2017,11:15
34,KSC,Inmarsat-5 F4,,GTO,Iridium Communications,"Success
",F9 FT,Success,15 May 2017,23:21
35,KSC,SpaceX CRS-11,,LEO,Intelsat,"Success
",F9 FT,Not attempted,3 June 2017,21:07
36,KSC,BulgariaSat-1,,GTO,NASA,"Success
",F9 FTB1029.2,Success,23 June 2017,19:10
37,VAFB,Iridium NEXT,,LEO,NSPO,"Success
",F9 FT,Success,25 June 2017,20:25
38,KSC,Intelsat 35e,,GTO,USAF,"Success
",F9 FT,Success,5 July 2017,23:38
39,KSC,SpaceX CRS-12,,LEO,Iridium Communications,"Success
",F9 B4,Success,14 August 2017,16:31
40,VAFB,Formosat-5,,SSO,SES S.A.,"Success
",F9 FT,Success,24 August 2017,18:51
41,KSC,Boeing X-37B,,LEO,KT Corporation,"Success
",F9 B4,Success,7 September 2017,14:00
42,VAFB,Iridium NEXT,,Polar,NASA,"Success
",F9 B4,Success,9 October 2017,12:37
43,KSC,SES-11,,GTO,Iridium Communications,Success,F9 FTB1031.2,Controlled,11 October 2017,22:53:00
44,KSC,Koreasat 5A,,GTO,Northrop Grumman,Success,F9 B4,Success,30 October 2017,19:34
45,Cape Canaveral,SpaceX CRS-13,,LEO,SES,Success,F9 FTB1035.2,Controlled,15 December 2017,15:36
46,VAFB,Iridium NEXT,,Polar,Hisdesat,Success,F9 FTB1036.2,Not attempted,23 December 2017,01:27
47,CCAFS,Zuma,,LEO,Hispasat,Success,F9 B4,No attempt,8 January 2018,01:00
48,CCAFS,GovSat-1,,GTO,Iridium Communications,Success,F9 FTB1032.2,No attempt,31 January 2018,21:25
49,VAFB,Paz,,SSO,NASA,Success,F9 FTB1038.2,Not attempted,22 February 2018,14:17
50,CCAFS,Hispasat 30W-6,,GTO,NASA,Success,F9 B4,Success,6 March 2018,05:33
51,VAFB,Iridium NEXT,,Polar,Thales-Alenia,Success,F9 B4B1041.2,Success,30 March 2018,14:14
52,CCAFS,SpaceX CRS-14,,LEO,Iridium Communications,Success,F9 B4B1039.2,Not attempted,2 April 2018,20:30
53,CCAFS,Transiting Exoplanet Survey Satellite,,HEO,SES,Success,F9 B4,Not attempted,18 April 2018,22:51
54,KSC,Bangabandhu-1,,GTO,NASA,Success,F9 B5B1046.1,Not attempted,11 May 2018,20:14
55,VAFB,Iridium NEXT,,Polar,Telesat,Success,F9 B4B1043.2,Success,22 May 2018,19:47
56,CCAFS,SES-12,,GTO,Iridium Communications,Success,F9 B4B1040.2,Success,4 June 2018,04:45
57,CCAFS,SpaceX CRS-15,,LEO,Telkom Indonesia,Success,F9 B4B1045.2,Success,29 June 2018,09:42
58,CCAFS,Telstar 19V,,GTO,Telesat,Success,F9 B5,Success,22 July 2018,05:50
59,VAFB,Iridium NEXT,,Polar,CONAE,Success,F9 B5B1048,Success,25 July 2018,11:39
60,CCAFS,Merah Putih,,GTO,Es'hailSat,Success,F9 B5B1046.2,Success,7 August 2018,05:18
61,CCAFS,Telstar 18V,,GTO,Spaceflight Industries,Success,F9 B5,Success,10 September 2018,04:45
62,VAFB,SAOCOM 1A,,SSO,NASA,"Success
",F9 B5B1048.2,Failure,8 October 2018,02:22
63,KSC,Es'hail 2,,GTO,USAF,Success,F9 B5B1047.2,Not attempted,15 November 2018,20:46
64,VAFB,SSO-A,,SSO,Iridium Communications,"Success
",F9 B5B1046.3,Success,3 December 2018,18:34:05
65,CCAFS,SpaceX CRS-16,,LEO,PSN,"Success
",F9 B5,Success,5 December 2018,18:16
66,CCAFS,GPS III,,MEO,NASA,"Success
",F9 B5,Success,23 December 2018,13:51
67,VAFB,Iridium NEXT,,Polar,NASA,"Success
",F9 B5B1049.2,Success,11 January 2019,15:31
68,CCAFS,Nusantara Satu,,GTO,SpaceX,"Success
",F9 B5B1048.3,Success,22 February 2019,01:45
69,KSC,Crew Dragon Demo-1,,LEO,Canadian Space Agency,"Success
",F9 B5[268],Success,2 March 2019,07:49
70,CCAFS,SpaceX CRS-17,,LEO,NASA,"Success
",F9 B5,Success,4 May 2019,06:48
71,CCAFS,Starlink,,LEO,Spacecom,"Success
",F9 B5B1049.3,Not attempted,24 May 2019,02:30
72,VAFB,RADARSAT Constellation,,SSO,SpaceX,"Success
",F9 B5B1051.2,Success,12 June 2019,14:17
73,CCAFS,SpaceX CRS-18,,LEO,NASA,"Success
",F9 B5B1056.2,Success,25 July 2019,22:01
74,CCAFS,AMOS-17,,GTO,Sky Perfect JSAT,"Success
",F9 B5B1047.3,Success,6 August 2019,23:23
75,CCAFS,Starlink,,LEO,SpaceX,"Success
",F9 B5,Success,11 November 2019,14:56
76,CCAFS,SpaceX CRS-19,,LEO,NASA,"Success
",F9 B5,"Not attempted
",5 December 2019,17:29
77,CCAFS,JCSat-18,,GTO,SpaceX,"Success
",F9 B5B1056.3,Success,17 December 2019,00:10
78,CCAFS,Starlink,,LEO,SpaceX,"Success
",F9 B5,Failure,7 January 2020,02:19:21
79,KSC,Crew Dragon in-flight abort test,,Sub-orbital,NASA,"Success
",F9 B5,Success,19 January 2020,15:30
80,CCAFS,Starlink,,LEO,SpaceX,"Success
",F9 B5,Failure,29 January 2020,14:07
81,CCAFS,Starlink,,LEO,SpaceX,"Success
",F9 B5,Success,17 February 2020,15:05
82,CCAFS,SpaceX CRS-20,,LEO,NASA,"Success
",F9 B5,Success,7 March 2020,04:50
83,KSC,Starlink,,LEO,SpaceX,"Success
",F9 B5,Success,18 March 2020,12:16
84,KSC,Starlink,,LEO,SpaceX,"Success
",F9 B5,Success,22 April 2020,19:30
85,KSC,Crew Dragon Demo-2,,LEO,U.S. Space Force,"Success
",F9 B5,Success,30 May 2020,19:22
86,CCAFS,Starlink,,LEO,Republic of Korea Army,"Success
",F9 B5,Success,4 June 2020,01:25
87,CCAFS,Starlink,,LEO,SpaceX,"Success
",F9 B5,Success,13 June 2020,09:21
88,CCAFS,GPS III,,MEO,SpaceX,"Success
",F9 B5,Success,30 June 2020,20:10:46
89,CCAFS,ANASIS-II,,GTO,CONAE,"Success
",F9 B5B1058.2,Success,20 July 2020,21:30
90,KSC,Starlink,,LEO,SpaceX,"Success
",F9 B5,Success,7 August 2020,05:12
91,CCAFS,Starlink,,LEO,SpaceX,"Success
",F9 B5B1049.6,Success,18 August 2020,14:31
92,CCAFS,SAOCOM 1B,,SSO,SpaceX,"Success
",F9 B5,Success,30 August 2020,23:18
93,KSC,Starlink,,LEO,SpaceX,"Success
",F9 B5B1060.2,Success,3 September 2020,12:46:14
94,KSC,Starlink,,LEO,USSF,"Success
",F9 B5B1058.3,Success,6 October 2020,11:29:34
95,KSC,Starlink,,LEO,NASA,"Success
",F9 B5B1051.6,Success,18 October 2020,12:25:57
96,CCAFS,Starlink,,LEO,NASA,"Success
",F9 B5,Success,24 October 2020,15:31:34
97,CCAFS,GPS III,,MEO,SpaceX,"Success
",F9 B5,Success,5 November 2020,23:24:23
98,KSC,Crew-1,,LEO,NASA,"Success
",F9 B5,Success,16 November 2020,00:27
99,VAFB,Sentinel-6 Michael Freilich (Jason-CS A),,LEO,Sirius XM,"Success
",F9 B5,Success,21 November 2020,17:17:08
100,CCAFS,Starlink,,LEO,NRO,"Success
",F9 B5 ♺,Success,25 November 2020,02:13
101,KSC,SpaceX CRS-21,,LEO,Türksat,"Success
",F9 B5 ♺,Success,6 December 2020,16:17:08
102,CCSFS,SXM-7,,GTO,SpaceX,"Success
",F9 B5 ♺,Success,13 December 2020,17:30:00
103,KSC,NROL-108,,LEO,SpaceX,"Success
",F9 B5 ♺,Failure,19 December 2020,14:00:00
104,CCSFS,Türksat 5A,,GTO,NASA,Success,F9 B5,Failure,8 January 2021,02:15
105,KSC,Starlink,,LEO,NASA,Success,F9 B5B1051.8,"Not attempted
",20 January 2021,13:02
106,CCSFS,Transporter-1,,SSO,NASA,"Success
",F9 B5B1058.5,No attempt,24 January 2021,15:00
1,CCAFS,Dragon Spacecraft Qualification Unit,,LEO,NASA,"Success
",F9 v1.0B0003.1,"Not attempted
",4 June 2010,18:45
2,CCAFS,Dragon,,LEO,MDA,Success,F9 v1.0B0004.1,Uncontrolled,8 December 2010,15:43
3,CCAFS,Dragon,,LEO,SES,Success,F9 v1.0B0005.1,Not attempted,22 May 2012,07:44
4,CCAFS,SpaceX CRS-1,,LEO,Thaicom,Success,F9 v1.0B0006.1,Not attempted,8 October 2012,00:35
5,CCAFS,SpaceX CRS-2,,LEO,NASA,"Success
",F9 v1.0B0007.1,Controlled,1 March 2013,15:10
6,VAFB,CASSIOPE,,Polar orbit,Orbcomm,Success,F9 v1.1B1003,Controlled,29 September 2013,16:00
7,CCAFS,SES-8,,GTO,AsiaSat,Success,F9 v1.1,Not attempted,3 December 2013,22:41
8,CCAFS,Thaicom 6,,GTO,AsiaSat,Success,F9 v1.1,"Not attempted
",6 January 2014,22:06
9,Cape Canaveral,SpaceX CRS-3,,LEO,NASA,Success,F9 v1.1,Uncontrolled,18 April 2014,19:25
10,Cape Canaveral,Orbcomm-OG2,,LEO,NASA,Success,F9 v1.1,Failure ,14 July 2014,15:15
11,Cape Canaveral,AsiaSat 8,,GTO,USAF,"Success
",F9 v1.1,Controlled,5 August 2014,08:00
12,Cape Canaveral,AsiaSat 6,,GTO,ABS,"Success
",F9 v1.1,Not attempted,7 September 2014,05:00
13,Cape Canaveral,SpaceX CRS-4,,LEO,NASA,"Success
",F9 v1.1,Failure,21 September 2014,05:52
14,Cape Canaveral,SpaceX CRS-5,,LEO,,"Success
",F9 v1.1,Not attempted,10 January 2015,09:47
15,Cape Canaveral,DSCOVR,,HEO,NASA,Failure,F9 v1.1,Precluded,11 February 2015,23:03
16,Cape Canaveral,ABS-3A,,GTO,Orbcomm,"Success
",F9 v1.1,Success,2 March 2015,03:50
17,Cape Canaveral,SpaceX CRS-6,,LEO,NASA,"Success
",F9 v1.1,Failure,14 April 2015,20:10
18,Cape Canaveral,TürkmenÄlem 52°E / MonacoSAT,,GTO,SES,"Success
",F9 v1.1,Failure,27 April 2015,23:03
19,Cape Canaveral,SpaceX CRS-7,,LEO,NASA,Success,F9 v1.1,Success,28 June 2015,14:21
20,Cape Canaveral,Orbcomm-OG2,,LEO,SKY Perfect JSAT Group,"Success
",F9 FT,Success,22 December 2015,01:29
21,VAFB,Jason-3,,LEO,Thaicom,"Success
",F9 v1.1,Success,17 January 2016,18:42
22,Cape Canaveral,SES-9,,GTO,ABS,"Success
",F9 FT,Failure,4 March 2016,23:35
23,Cape Canaveral,SpaceX CRS-8,,LEO,NASA,"Success
",F9 FT,Success,8 April 2016,20:43
24,Cape Canaveral,JCSAT-14,,GTO,SKY Perfect JSAT Group,"Success
",F9 FT,Success,6 May 2016,05:21
25,Cape Canaveral,Thaicom 8,,GTO,Iridium Communications,"Success
",F9 FT,Success,27 May 2016,21:39
26,Cape Canaveral,ABS-2A,,GTO,NASA,"Success
",F9 FT,Success,15 June 2016,14:29
27,Cape Canaveral,SpaceX CRS-9,,LEO,EchoStar,"Success
",F9 FT,Not attempted,18 July 2016,04:45
28,Cape Canaveral,JCSAT-16,,GTO,SES,Success,F9 FT,Success,14 August 2016,05:26
29,VAFB,Iridium NEXT,,Polar,NRO,"Success
",F9 FT,Success,14 January 2017,17:54
30,KSC,SpaceX CRS-10,,LEO,Inmarsat,"Success
",F9 FT,Not attempted,19 February 2017,14:39
31,KSC,EchoStar 23,,GTO,NASA,"Success
",F9 FT,Success,16 March 2017,06:00
32,KSC,SES-10,,GTO,Bulsatcom,"Success
",F9 FT♺,Success,30 March 2017,22:27
33,KSC,NROL-76,,LEO,Iridium Communications,"Success
",F9 FT,Success,1 May 2017,11:15
34,KSC,Inmarsat-5 F4,,GTO,Intelsat,"Success
",F9 FT,Not attempted,15 May 2017,23:21
35,KSC,SpaceX CRS-11,,LEO,NASA,"Success
",F9 FT,Success,3 June 2017,21:07
36,KSC,BulgariaSat-1,,GTO,NSPO,"Success
",F9 FTB1029.2,Success,23 June 2017,19:10
37,VAFB,Iridium NEXT,,LEO,USAF,"Success
",F9 FT,Success,25 June 2017,20:25
38,KSC,Intelsat 35e,,GTO,Iridium Communications,"Success
",F9 FT,Success,5 July 2017,23:38
39,KSC,SpaceX CRS-12,,LEO,SES S.A.,"Success
",F9 B4,Success,14 August 2017,16:31
40,VAFB,Formosat-5,,SSO,KT Corporation,"Success
",F9 FT,Success,24 August 2017,18:51
41,KSC,Boeing X-37B,,LEO,NASA,"Success
",F9 B4,Success,7 September 2017,14:00
42,VAFB,Iridium NEXT,,Polar,Iridium Communications,Success,F9 B4,Controlled,9 October 2017,12:37
43,KSC,SES-11,,GTO,Northrop Grumman,Success,F9 FTB1031.2,Success,11 October 2017,22:53:00
44,KSC,Koreasat 5A,,GTO,SES,Success,F9 B4,Controlled,30 October 2017,19:34
45,Cape Canaveral,SpaceX CRS-13,,LEO,Hisdesat,Success,F9 FTB1035.2,Not attempted,15 December 2017,15:36
46,VAFB,Iridium NEXT,,Polar,Hispasat,Success,F9 FTB1036.2,No attempt,23 December 2017,01:27
47,CCAFS,Zuma,,LEO,Iridium Communications,Success,F9 B4,No attempt,8 January 2018,01:00
48,CCAFS,GovSat-1,,GTO,NASA,Success,F9 FTB1032.2,Not attempted,31 January 2018,21:25
49,VAFB,Paz,,SSO,NASA,Success,F9 FTB1038.2,Success,22 February 2018,14:17
50,CCAFS,Hispasat 30W-6,,GTO,Thales-Alenia,Success,F9 B4,Success,6 March 2018,05:33
51,VAFB,Iridium NEXT,,Polar,Iridium Communications,Success,F9 B4B1041.2,Not attempted,30 March 2018,14:14
52,CCAFS,SpaceX CRS-14,,LEO,SES,Success,F9 B4B1039.2,Not attempted,2 April 2018,20:30
53,CCAFS,Transiting Exoplanet Survey Satellite,,HEO,NASA,Success,F9 B4,Not attempted,18 April 2018,22:51
54,KSC,Bangabandhu-1,,GTO,Telesat,Success,F9 B5B1046.1,Success,11 May 2018,20:14
55,VAFB,Iridium NEXT,,Polar,Iridium Communications,Success,F9 B4B1043.2,Success,22 May 2018,19:47
56,CCAFS,SES-12,,GTO,Telkom Indonesia,Success,F9 B4B1040.2,Success,4 June 2018,04:45
57,CCAFS,SpaceX CRS-15,,LEO,Telesat,Success,F9 B4B1045.2,Success,29 June 2018,09:42
58,CCAFS,Telstar 19V,,GTO,CONAE,Success,F9 B5,Success,22 July 2018,05:50
59,VAFB,Iridium NEXT,,Polar,Es'hailSat,Success,F9 B5B1048,Success,25 July 2018,11:39
60,CCAFS,Merah Putih,,GTO,Spaceflight Industries,Success,F9 B5B1046.2,Success,7 August 2018,05:18
61,CCAFS,Telstar 18V,,GTO,NASA,"Success
",F9 B5,Failure,10 September 2018,04:45
62,VAFB,SAOCOM 1A,,SSO,USAF,Success,F9 B5B1048.2,Not attempted,8 October 2018,02:22
63,KSC,Es'hail 2,,GTO,Iridium Communications,"Success
",F9 B5B1047.2,Success,15 November 2018,20:46
64,VAFB,SSO-A,,SSO,PSN,"Success
",F9 B5B1046.3,Success,3 December 2018,18:34:05
65,CCAFS,SpaceX CRS-16,,LEO,NASA,"Success
",F9 B5,Success,5 December 2018,18:16
66,CCAFS,GPS III,,MEO,NASA,"Success
",F9 B5,Success,23 December 2018,13:51
67,VAFB,Iridium NEXT,,Polar,SpaceX,"Success
",F9 B5B1049.2,Success,11 January 2019,15:31
68,CCAFS,Nusantara Satu,,GTO,Canadian Space Agency,"Success
",F9 B5B1048.3,Success,22 February 2019,01:45
69,KSC,Crew Dragon Demo-1,,LEO,NASA,"Success
",F9 B5[268],Success,2 March 2019,07:49
70,CCAFS,SpaceX CRS-17,,LEO,Spacecom,"Success
",F9 B5,Not attempted,4 May 2019,06:48
71,CCAFS,Starlink,,LEO,SpaceX,"Success
",F9 B5B1049.3,Success,24 May 2019,02:30
72,VAFB,RADARSAT Constellation,,SSO,NASA,"Success
",F9 B5B1051.2,Success,12 June 2019,14:17
73,CCAFS,SpaceX CRS-18,,LEO,Sky Perfect JSAT,"Success
",F9 B5B1056.2,Success,25 July 2019,22:01
74,CCAFS,AMOS-17,,GTO,SpaceX,"Success
",F9 B5B1047.3,Success,6 August 2019,23:23
75,CCAFS,Starlink,,LEO,NASA,"Success
",F9 B5,"Not attempted
",11 November 2019,14:56
76,CCAFS,SpaceX CRS-19,,LEO,SpaceX,"Success
",F9 B5,Success,5 December 2019,17:29
77,CCAFS,JCSat-18,,GTO,SpaceX,"Success
",F9 B5B1056.3,Failure,17 December 2019,00:10
78,CCAFS,Starlink,,LEO,NASA,"Success
",F9 B5,Success,7 January 2020,02:19:21
79,KSC,Crew Dragon in-flight abort test,,Sub-orbital,SpaceX,"Success
",F9 B5,Failure,19 January 2020,15:30
80,CCAFS,Starlink,,LEO,SpaceX,"Success
",F9 B5,Success,29 January 2020,14:07
81,CCAFS,Starlink,,LEO,NASA,"Success
",F9 B5,Success,17 February 2020,15:05
82,CCAFS,SpaceX CRS-20,,LEO,SpaceX,"Success
",F9 B5,Success,7 March 2020,04:50
83,KSC,Starlink,,LEO,SpaceX,"Success
",F9 B5,Success,18 March 2020,12:16
84,KSC,Starlink,,LEO,U.S. Space Force,"Success
",F9 B5,Success,22 April 2020,19:30
85,KSC,Crew Dragon Demo-2,,LEO,Republic of Korea Army,"Success
",F9 B5,Success,30 May 2020,19:22
86,CCAFS,Starlink,,LEO,SpaceX,"Success
",F9 B5,Success,4 June 2020,01:25
87,CCAFS,Starlink,,LEO,SpaceX,"Success
",F9 B5,Success,13 June 2020,09:21
88,CCAFS,GPS III,,MEO,CONAE,"Success
",F9 B5,Success,30 June 2020,20:10:46
89,CCAFS,ANASIS-II,,GTO,SpaceX,"Success
",F9 B5B1058.2,Success,20 July 2020,21:30
90,KSC,Starlink,,LEO,SpaceX,"Success
",F9 B5,Success,7 August 2020,05:12
91,CCAFS,Starlink,,LEO,SpaceX,"Success
",F9 B5B1049.6,Success,18 August 2020,14:31
92,CCAFS,SAOCOM 1B,,SSO,SpaceX,"Success
",F9 B5,Success,30 August 2020,23:18
93,KSC,Starlink,,LEO,USSF,"Success
",F9 B5B1060.2,Success,3 September 2020,12:46:14
94,KSC,Starlink,,LEO,NASA,"Success
",F9 B5B1058.3,Success,6 October 2020,11:29:34
95,KSC,Starlink,,LEO,NASA,"Success
",F9 B5B1051.6,Success,18 October 2020,12:25:57
96,CCAFS,Starlink,,LEO,SpaceX,"Success
",F9 B5,Success,24 October 2020,15:31:34
97,CCAFS,GPS III,,MEO,NASA,"Success
",F9 B5,Success,5 November 2020,23:24:23
98,KSC,Crew-1,,LEO,Sirius XM,"Success
",F9 B5,Success,16 November 2020,00:27
99,VAFB,Sentinel-6 Michael Freilich (Jason-CS A),,LEO,NRO,"Success
",F9 B5,Success,21 November 2020,17:17:08
100,CCAFS,Starlink,,LEO,Türksat,"Success
",F9 B5 ♺,Success,25 November 2020,02:13
101,KSC,SpaceX CRS-21,,LEO,SpaceX,"Success
",F9 B5 ♺,Success,6 December 2020,16:17:08
102,CCSFS,SXM-7,,GTO,,"Success
",F9 B5 ♺,Success,13 December 2020,17:30:00
103,KSC,NROL-108,,LEO,SpaceX,"Success
",F9 B5 ♺,Success,19 December 2020,14:00:00
104,CCSFS,Türksat 5A,,GTO,SpaceX,"Success
",F9 B5,Failure,8 January 2021,02:15
105,KSC,Starlink,,LEO,SpaceX,"Success
",F9 B5B1051.8,Success,20 January 2021,13:02
106,CCSFS,Transporter-1,,SSO,SpaceX,"Success
",F9 B5B1058.5,Success,24 January 2021,15:00
107,CCSFS,Starlink,,LEO,SpaceX,"Success
",F9 B5 ♺,Success,4 February 2021,06:19
108,CCSFS,Starlink,,LEO,SpaceX,"Success
",F9 B5 ♺,Success,16 February 2021,03:59:37
109,KSC,Starlink,,LEO,SpaceX,"Success
",F9 B5 ♺,Success,4 March 2021,08:24
110,CCSFS,Starlink,,LEO,NASA,"Success
",F9 B5 ♺,Success,11 March 2021,08:13:29
111,KSC,Starlink,,LEO,SpaceX,"Success
",F9 B5 ♺,Success,14 March 2021,10:01
112,CCSFS,Starlink,,LEO,SpaceX,"Success
",F9 B5B1060.6,Success,24 March 2021,08:28
113,CCSFS,Starlink,,LEO,SpaceX,"Success
",F9 B5 ♺,Success,7 April 2021,16:34
114,KSC,Crew-2,,LEO,SpaceX,"Success
",F9 B5B1061.2,Success,23 April 2021,9:49
115,CCSFS,Starlink,,LEO,SpaceX,"Success
",F9 B5B1060.7,Success,29 April 2021,03:44
116,KSC,Starlink,,LEO,NASA,"Success
",F9 B5B1049.9,Success,4 May 2021,19:01
117,CCSFS,Starlink,,LEO,Sirius XM,"Success
",F9 B5B1051.10,Success,9 May 2021,06:42
118,KSC,Starlink,,LEO,,,F9 B5B1058.8,,15 May 2021,22:56
119,CCSFS,Starlink,,LEO,,,F9 B5B1063.2,,26 May 2021,18:59
120,KSC,SpaceX CRS-22,,LEO,,,F9 B5B1067.1,,3 June 2021,17:29
121,CCSFS,SXM-8,,GTO,,,F9 B5,,6 June 2021,04:26
